
insert into human (fullName, birthday, gender, childrenNumber) values
                                                                   ('Луговая Мария Петровна','1984-11-22','жен.', 1),
                                                                   ('Петров Виктор Константинович', '2011-11-22', 'муж.', 0),
                                                                   ('Луговой Николай Петрович','1960-01-22','муж.', 2),
                                                                   ('Кирпичная Надежда Борисовна','2021-11-22','жен.', 0),
                                                                   ('George George', '2017-08-22','муж.', 0),
                                                                   ('Иванов Иван Иванович', '2021-11-09', 'муж.', 0),
                                                                   ('Березная Маргарита Васильевна','2021-11-22', 'жен.', 0),
                                                                   ('Аванов Петр Михайлович', '1989-06-22', 'муж.', 0),
                                                                   ('Полевая Наталья Алексеевна', '2021-11-19', 'жен.', 0),
                                                                   ('Лесная Анастасия Владимировна','1991-05-22', 'жен.', 2),
                                                                   ('Петров Михаил Дмитриевич', '1956-06-22', 'муж.', 2),
                                                                   ('Сидоров Владимир Владимирович', '1973-06-03', 'муж.', 5),
                                                                   ('Часовой Геннадий Валерьевич', '1994-06-08', 'муж.', 1),
                                                                   ('Сидорова Дарья Михайловна','1980-06-22', 'жен.', 5),
                                                                   ('Леонова Кристина Михайловна', '1982-08-22', 'жен.', 2),
                                                                   ('Лавров Николай Петрович', '1980-08-22', 'муж.', 1),
                                                                   ('Иванов Иван Иванович','1992-04-07', 'муж.', 0),
                                                                   ('Иванов Владимир Владимирович', '1989-02-06', 'муж.', 0),
                                                                   ('Петров Петр Петрович', '1980-05-15', 'муж.', 2),
                                                                   ('Ковалёв Егор Денисович', '1976-07-07', 'муж.', 2),
                                                                   ('Николаев Андрей Андреевич', '1979-05-01', 'муж.', 2),
                                                                   ('Часовая Ксения Дмитриевна', '1965-01-01', 'жен.', 1),
                                                                   ('Соколова Ирина Александровна', '1980-06-22', 'жен.', 2),
                                                                   ('Кузнецова Елена Ивановна', '1980-06-12', 'жен.', 2),
                                                                   ('Попова Лариса Максимовна', '1991-05-07', 'жен.', 2),
                                                                   ('Смирнов Максим Иванович', '1970-07-23', 'муж.', 0),
                                                                   ('Петров Петр Петрович', '1992-04-07', 'муж.', 0),
                                                                   ('Петров Артемий Эдуардович', '1987-06-08', 'муж.', 0),
                                                                   ('Петрова Анастасия Владимировна', '1960-06-18', 'жен.', 1),
                                                                   ('Арбузов Аркадий Вадимович', '1975-06-05', 'муж.', 2),
                                                                   ('Аркадьева Мария Петровна','1974-11-22','жен.', 2),
                                                                   ('Викторов Виктор Константинович', '1989-12-22', 'муж.', 2),
                                                                   ('Викторова Елена Петровна','1990-01-22','жен.', 2),
                                                                   ('Семенова Надежда Борисовна','1970-11-22','жен.', 0),
                                                                   ('Субботин Григорий Кириллович', '1997-08-22','муж.', 0),
                                                                   ('Сидорова Ксения Данииловна', '1980-11-29', 'жен.', 0),
                                                                   ('Маркова Алиса Егоровна','1978-01-22', 'жен.', 0),
                                                                   ('Десина Анастасия Тимуровна', '1999-06-22', 'жен.', 0),
                                                                   ('Васильев Данил Артемович', '1989-12-19', 'муж.', 2),
                                                                   ('Никулин Иван Богданович','1981-05-22', 'муж.', 2),
                                                                   ('Булгаков Иван Иванович', '1986-06-22', 'муж.', 4),
                                                                   ('Панкова Ярослава Егоровна', '1983-06-03', 'жен.', 5),
                                                                   ('Сальников Матвей Вячеславович', '1992-06-08', 'муж.', 2),
                                                                   ('Соколова Софья Дмитриевна','1990-06-22', 'жен.', 5),
                                                                   ('Гончарова ирина Марковна', '1981-04-21', 'жен.', 2),
                                                                   ('Смирнов Егор Николаевич', '1970-08-22', 'муж.', 1),
                                                                   ('Гусев Матвей Константинович','1991-04-02', 'муж.', 0),
                                                                   ('Булатова Алиса Владимировна','1974-11-22','жен.', 1),
                                                                   ('Кузин Владислав Тимофеевич', '1961-11-22', 'муж.', 0),
                                                                   ('Кузьмин Михаил Тимурович','1980-01-22','муж.', 2),
                                                                   ('Андрианова Анна Артемовна','1967-11-22','жен.', 0),
                                                                   ('Матвеев Ермила Даниилович', '1985-08-22','муж.', 0),
                                                                   ('Ульянов Арсений Богданович', '1984-11-09', 'муж.', 0),
                                                                   ('Гаврилова Варвара Михайловна','1968-11-22', 'жен.', 0);

insert into passenger (id) values
                               (1),
                               (2),
                               (3),
                               (4),
                               (5),
                               (6),
                               (7),
                               (8),
                               (9),
                               (10);



insert into head_department (id) values
                                     (34),
                                     (35),
                                     (36),
                                     (37),
                                     (38),
                                     (39),
                                     (40);


insert into department (name, head_department_id) values
                                                      ('служба летная', 34),
                                                      ('служба техническая', 35),
                                                      ('служба обслуживающая', 36),
                                                      ('служба диспетчерская', 37),
                                                      ('служба кассового обслуживания', 38),
                                                      ('служба безопасности', 39),
                                                      ('служба справочная', 40);


insert into town(name, distance) values
                                     ('Екатеринбург', 150),
                                     ('Москва', 340),
                                     ('Мюнхен', 501),
                                     ('Алматы', 79),
                                     ('Красноярск', 5);


insert into brigade (name, department_id) values
                                              ('pilot-1', 1),
                                              ('pilot-2', 1),
                                              ('pilot-3', 1),
                                              ('pilot-4', 1),
                                              ('pilot-5', 1),
                                              ('tech-1', 2),
                                              ('tech-2', 2),
                                              ('tech-3', 2),
                                              ('tech-4', 2),
                                              ('tech-5', 2),
                                              ('serving-1', 3),
                                              ('serving-2', 3),
                                              ('serving-3', 3),
                                              ('serving-4', 3),
                                              ('serving-5', 3),
                                              ('dispatcher-1', 4),
                                              ('dispatcher-2', 4),
                                              ('cash-1', 5),
                                              ('cash-2', 5),
                                              ('secure-1', 6),
                                              ('secure-2', 6),
                                              ('help-1', 7),
                                              ('help-2', 7);


insert into plane_type (name, capacity, speed) values
                                                   ('Airbus A920', 10, 500),
                                                   ('Airbus A640', 9, 500),
                                                   ('Boeing-b17', 8, 900),
                                                   ('Airbus A320', 10, 800),
                                                   ('ИЛ-96', 9, 400);


insert into plane(type_id, techical_brigade_id, pilot_brigade_id, service_brigade_id, start_using_date) values

                                                                                                            (1, 6, 1, 11, '2003-06-05'),
                                                                                                            (2, 7, 2, 12, '2009-09-05'),
                                                                                                            (3, 8, 3, 13, '2008-12-03'),
                                                                                                            (4, 9, 4, 14, '2006-03-05'),
                                                                                                            (5, 10, 5, 15,'2001-11-22');


insert into flight (type, plane_id, town_id, flight_time, is_cancelled, is_departure_abroad) values
                                                                                                 ('ОТПРАВЛЕНИЕ', 1, 1,'2012-01-14 01:42:45', false, false),
                                                                                                 ('ПРИБЫТИЕ', 1, 4,'2012-01-16 05:02:43', false, false),
                                                                                                 ('ОТПРАВЛЕНИЕ', 2, 1,'2012-01-21 03:58:05', false, false),
                                                                                                 ('ПРИБЫТИЕ',2,5,'2012-01-23 16:08:10', false, false),
                                                                                                 ('ОТПРАВЛЕНИЕ', 3, 5,'2012-01-26 16:16:00', false, false),
                                                                                                 ('ОТПРАВЛЕНИЕ',4,2,'2012-01-21 03:58:00', false, false),
                                                                                                 ('ПРИБЫТИЕ',3 ,2,'2012-01-26 20:00:00', false, false),
                                                                                                 ('ПРИБЫТИЕ',4,3,'2012-01-23 16:08:00', false, false),
                                                                                                 ('ОТПРАВЛЕНИЕ',5, 1,'2012-05-06 16:10:25', false, false),
                                                                                                 ('ПРИБЫТИЕ', 5, 5,'2012-05-06 23:08:00', false, false),
                                                                                                 ('ОТПРАВЛЕНИЕ',5, 3,'2012-05-07 10:10:20', false, true);


insert into flight_delay (flight_id, delay_reason) values
                                                       (2,'поломка самолета'),
                                                       (3,'обледенение полосы');


insert into employee (id, brigade_id, start_work_experience_date, salary) values
                                                                              (11,1,'2010-02-03', 250000),
                                                                              (12,2,'2013-06-04', 180000),
                                                                              (13,3,'2011-02-02', 200000),
                                                                              (14,4,'2018-04-05', 210010),
                                                                              (15,5,'2010-04-24', 150000),
                                                                              (16,6,'2016-02-01', 100000),
                                                                              (17,7,'2018-02-16', 101000),
                                                                              (18,8,'2015-10-12', 120000),
                                                                              (19,9,'2012-05-07', 140500),
                                                                              (20,10,'2017-05-01', 80000),
                                                                              (21,11,'2017-06-19', 30000),
                                                                              (22,12,'2013-06-20', 35000),
                                                                              (23,13,'2011-05-12', 35500),
                                                                              (24,14,'2018-03-03', 36000),
                                                                              (25,15,'2010-02-14', 48000),
                                                                              (26,16,'2018-02-01', 90000),
                                                                              (27,17,'2018-02-28', 98000),
                                                                              (28,18,'2014-10-12', 35000),
                                                                              (29,19,'2012-05-21', 36000),
                                                                              (30,20,'2017-07-01', 23000),
                                                                              (31,21,'2019-10-12', 24000),
                                                                              (32,22,'2021-05-07', 15000),
                                                                              (33,23,'2020-07-01', 18000);




insert into ticket (passenger_id, flight_id, status, is_luggage, price) values
                                                                            (1,1,'продан',true,1000),
                                                                            (2,2,'продан',true,1001),
                                                                            (3,3,'продан',true,1500),
                                                                            (4,4,'забронирован',true,2000),
                                                                            (5,5,'продан',true,3000),
                                                                            (6,1,'продан',true, 6000),
                                                                            (7,2,'продан',true, 4500),
                                                                            (8,3,'забронирован',true, 1450),
                                                                            (9,4,'вернут',true, 5678),
                                                                            (10,4,'вернут',true, 2020);


insert into medical_examination (employee_id, medical_examination_date, is_passed) values
                                                                                       (11,' 2021-01-02', true),
                                                                                       (12, '2019-08-01', true),
                                                                                       (13, '2020-02-05', true),
                                                                                       (14, '2021-03-03', true),
                                                                                       (15, '2010-02-04', false);


insert into repair (plane_id, start_time, end_time) values
                                                        (1,'2004-06-18 12:00:00','2004-06-18 16:39:40'),
                                                        (2,'2010-07-02 07:01:21','2010-07-02 12:30:00'),
                                                        (3,'2010-01-01 13:59:54','2010-01-01 17:20:13'),
                                                        (4,'2007-03-29 07:09:32','2007-03-29 13:19:28'),
                                                        (5,'2011-02-15 14:18:01','2011-02-15 20:03:02'),
                                                        (1,'2013-05-10 04:37:46','2013-05-10 10:12:12'),
                                                        (2,'2014-12-16 07:38:00','2014-12-16 11:51:46'),
                                                        (3,'2012-04-10 07:02:20','2012-04-10 10:31:22'),
                                                        (4,'2009-02-15 08:53:29','2009-02-15 14:40:33'),
                                                        (1,'2016-03-17 11:21:16','2016-03-17 13:01:06');

insert into technical_inspection (plane_id, inspection_time, is_executed_inspection) values
                                                                                         (1,'2010-01-13 23:40:40', true),
                                                                                         (2,'2010-01-01 01:57:00', true),
                                                                                         (3,'2010-01-30 13:16:29', true),
                                                                                         (4,'2010-02-01 17:41:25', false),
                                                                                         (5,'2010-02-01 17:41:25', false),
                                                                                         (5,'2010-08-09 20:33:26', true),
                                                                                         (1,'2010-12-16 12:54:27', true),
                                                                                         (2,'2011-12-16 11:58:05', false),
                                                                                         (3,'2011-01-26 13:16:25', true),
                                                                                         (4,'2010-12-01 17:30:05', true),
                                                                                         (5,'2010-12-09 20:30:20', true),
                                                                                         (5,'2011-11-09 20:33:26', false),
                                                                                         (3,'2012-02-09 20:12:23', true),
                                                                                         (3,'2012-08-09 20:33:26', false);


insert into agency(flight_id, ticket_id)  values
                                              (1,1),
                                              (1,2);